{"info":{"year":"2024","version":"1","description":"Exported from roboflow.com","contributor":"","url":"https://public.roboflow.com/object-detection/undefined","date_created":"2024-11-13T21:15:19+00:00"},"licenses":[{"id":1,"url":"https://creativecommons.org/licenses/by/4.0/","name":"CC BY 4.0"}],"categories":[{"id":0,"name":"engine-parts","supercategory":"none"},{"id":1,"name":"bolt","supercategory":"engine-parts"},{"id":2,"name":"fully_assy","supercategory":"engine-parts"},{"id":3,"name":"seal","supercategory":"engine-parts"}],"images":[{"id":0,"license":1,"file_name":"IMG_1492_JPG.rf.2ac92fc2a1b2df9aaf775437aa24e6d6.jpg","height":640,"width":640,"date_captured":"2024-11-13T21:15:19+00:00"},{"id":1,"license":1,"file_name":"DIMG_1339_JPG.rf.04616153bb4167d8ace9d8282a632cdf.jpg","height":640,"width":640,"date_captured":"2024-11-13T21:15:19+00:00"},{"id":2,"license":1,"file_name":"IMG_1302_JPG.rf.3221000ee461f5f3b92243b53f279ce4.jpg","height":640,"width":640,"date_captured":"2024-11-13T21:15:19+00:00"},{"id":3,"license":1,"file_name":"DIMG_1324_JPG.rf.088486d7cda13fa80a1266c08893b448.jpg","height":640,"width":640,"date_captured":"2024-11-13T21:15:19+00:00"},{"id":4,"license":1,"file_name":"IMG_1275_JPG.rf.21ed168e5fe9522b5f5bc1f3a83498f4.jpg","height":640,"width":640,"date_captured":"2024-11-13T21:15:19+00:00"},{"id":5,"license":1,"file_name":"IMG_1493_JPG.rf.1f34b96403448e32c866bc6dbce1860e.jpg","height":640,"width":640,"date_captured":"2024-11-13T21:15:19+00:00"},{"id":6,"license":1,"file_name":"IMG_1504_JPG.rf.379fdb4164cff3563ffa14d871c18591.jpg","height":640,"width":640,"date_captured":"2024-11-13T21:15:19+00:00"},{"id":7,"license":1,"file_name":"IMG_1297_JPG.rf.2faf02b15adb6de8dac258268df27824.jpg","height":640,"width":640,"date_captured":"2024-11-13T21:15:19+00:00"},{"id":8,"license":1,"file_name":"IMG_1505_JPG.rf.07bab8fe3b60314b44f0a8b76664734c.jpg","height":640,"width":640,"date_captured":"2024-11-13T21:15:19+00:00"},{"id":9,"license":1,"file_name":"IMG_1273_JPG.rf.37994d91ef2516fb74d8e13bc559b6bd.jpg","height":640,"width":640,"date_captured":"2024-11-13T21:15:19+00:00"},{"id":10,"license":1,"file_name":"IMG_1282_JPG.rf.0749f2ac1bd82928a87329fbe87b33f5.jpg","height":640,"width":640,"date_captured":"2024-11-13T21:15:19+00:00"},{"id":11,"license":1,"file_name":"DIMG_1322_JPG.rf.3b78590068c2cfca2c9e5c4a7929dd20.jpg","height":640,"width":640,"date_captured":"2024-11-13T21:15:19+00:00"},{"id":12,"license":1,"file_name":"IMG_1301_JPG.rf.333601eafe965eb61b3255715d318a36.jpg","height":640,"width":640,"date_captured":"2024-11-13T21:15:19+00:00"},{"id":13,"license":1,"file_name":"DIMG_1326_JPG.rf.1e34f9bc1a84cdfda99de5ceb9555343.jpg","height":640,"width":640,"date_captured":"2024-11-13T21:15:19+00:00"},{"id":14,"license":1,"file_name":"IMG_1310_JPG.rf.300cdc82d2d7479f2eebb7f843cc244c.jpg","height":640,"width":640,"date_captured":"2024-11-13T21:15:19+00:00"},{"id":15,"license":1,"file_name":"IMG_1286_JPG.rf.4c1cb24ab92a6f699d086dc29de4919a.jpg","height":640,"width":640,"date_captured":"2024-11-13T21:15:19+00:00"},{"id":16,"license":1,"file_name":"IMG_1288_JPG.rf.6cc43085f7d7b17f226ebed0bba104c7.jpg","height":640,"width":640,"date_captured":"2024-11-13T21:15:19+00:00"},{"id":17,"license":1,"file_name":"IMG_1494_JPG.rf.89009157bbe3ec7d9f4c98e5058e8bd6.jpg","height":640,"width":640,"date_captured":"2024-11-13T21:15:19+00:00"},{"id":18,"license":1,"file_name":"DIMG_1330_JPG.rf.52cf547250fd0eedd5079a3864b673ed.jpg","height":640,"width":640,"date_captured":"2024-11-13T21:15:19+00:00"},{"id":19,"license":1,"file_name":"IMG_1499_JPG.rf.5e25e8f603ec54233d99eba628a23c4e.jpg","height":640,"width":640,"date_captured":"2024-11-13T21:15:19+00:00"},{"id":20,"license":1,"file_name":"IMG_1495_JPG.rf.475f28b4283c17d69cc465b1c01b05a0.jpg","height":640,"width":640,"date_captured":"2024-11-13T21:15:19+00:00"},{"id":21,"license":1,"file_name":"IMG_1300_JPG.rf.8a60e9834255f5f2964438eb0e9f2cdd.jpg","height":640,"width":640,"date_captured":"2024-11-13T21:15:19+00:00"},{"id":22,"license":1,"file_name":"IMG_1276_JPG.rf.4a789c546ef1e78a2f8d1f87748abd56.jpg","height":640,"width":640,"date_captured":"2024-11-13T21:15:19+00:00"},{"id":23,"license":1,"file_name":"DIMG_1328_JPG.rf.6849f791da2447e49155fbe213b125e3.jpg","height":640,"width":640,"date_captured":"2024-11-13T21:15:19+00:00"},{"id":24,"license":1,"file_name":"IMG_1498_JPG.rf.465818debf1fd1c946b46ecbd1a92c09.jpg","height":640,"width":640,"date_captured":"2024-11-13T21:15:19+00:00"},{"id":25,"license":1,"file_name":"DIMG_1340_JPG.rf.a6d452722a875cd3ef59a7797f76c61a.jpg","height":640,"width":640,"date_captured":"2024-11-13T21:15:19+00:00"},{"id":26,"license":1,"file_name":"IMG_1304_JPG.rf.84a95d4adf4733cdd94a4881849607c4.jpg","height":640,"width":640,"date_captured":"2024-11-13T21:15:19+00:00"},{"id":27,"license":1,"file_name":"DIMG_1341_JPG.rf.8801e413d7bd81952990b9ab59c64d85.jpg","height":640,"width":640,"date_captured":"2024-11-13T21:15:19+00:00"},{"id":28,"license":1,"file_name":"DIMG_1343_JPG.rf.8d85ca357e4afce62c72cc4fb60a8d56.jpg","height":640,"width":640,"date_captured":"2024-11-13T21:15:19+00:00"},{"id":29,"license":1,"file_name":"IMG_1506_JPG.rf.9bc1a062e9cbb722630a60be55094cd9.jpg","height":640,"width":640,"date_captured":"2024-11-13T21:15:19+00:00"},{"id":30,"license":1,"file_name":"IMG_1501_JPG.rf.94b1b4080b7a60d11100a5dda0d9f8f9.jpg","height":640,"width":640,"date_captured":"2024-11-13T21:15:19+00:00"},{"id":31,"license":1,"file_name":"IMG_1309_JPG.rf.854f242ae08d2115f8ab956afd6cb194.jpg","height":640,"width":640,"date_captured":"2024-11-13T21:15:19+00:00"},{"id":32,"license":1,"file_name":"IMG_1284_JPG.rf.95e7d48cf0a337c5bd14a1db415f8fb3.jpg","height":640,"width":640,"date_captured":"2024-11-13T21:15:19+00:00"},{"id":33,"license":1,"file_name":"IMG_1299_JPG.rf.643d24d0daab0dd76dd349906fbb6197.jpg","height":640,"width":640,"date_captured":"2024-11-13T21:15:19+00:00"},{"id":34,"license":1,"file_name":"IMG_1277_JPG.rf.6d35e83d7da31301086ff72d5fb1e9e6.jpg","height":640,"width":640,"date_captured":"2024-11-13T21:15:19+00:00"},{"id":35,"license":1,"file_name":"DIMG_1344_JPG.rf.9e37c3c88fafb3767c76f7001183d90c.jpg","height":640,"width":640,"date_captured":"2024-11-13T21:15:19+00:00"},{"id":36,"license":1,"file_name":"IMG_1298_JPG.rf.6a382b3f97808e7e551706f86e8d820e.jpg","height":640,"width":640,"date_captured":"2024-11-13T21:15:19+00:00"},{"id":37,"license":1,"file_name":"IMG_1272_JPG.rf.7cb1803c58d9ca1339071a13ba349b99.jpg","height":640,"width":640,"date_captured":"2024-11-13T21:15:19+00:00"},{"id":38,"license":1,"file_name":"DIMG_1335_JPG.rf.41a9b5b0033fba12bb852d83b93d5531.jpg","height":640,"width":640,"date_captured":"2024-11-13T21:15:19+00:00"},{"id":39,"license":1,"file_name":"IMG_1296_JPG.rf.af6be75922411f622cb879a7c93d2a87.jpg","height":640,"width":640,"date_captured":"2024-11-13T21:15:19+00:00"},{"id":40,"license":1,"file_name":"IMG_1281_JPG.rf.5540a9643a5c056aea35f37657559cc8.jpg","height":640,"width":640,"date_captured":"2024-11-13T21:15:19+00:00"},{"id":41,"license":1,"file_name":"IMG_1289_JPG.rf.b863f315771aa24b32395e6d0e2ffd5f.jpg","height":640,"width":640,"date_captured":"2024-11-13T21:15:19+00:00"},{"id":42,"license":1,"file_name":"DIMG_1331_JPG.rf.b4cae94458e637b7952f861e329919a4.jpg","height":640,"width":640,"date_captured":"2024-11-13T21:15:19+00:00"},{"id":43,"license":1,"file_name":"DIMG_1334_JPG.rf.bb0626dbddec828cb18ac353eaff76af.jpg","height":640,"width":640,"date_captured":"2024-11-13T21:15:19+00:00"},{"id":44,"license":1,"file_name":"IMG_1496_JPG.rf.c80d6978775be6eaa068c84688a9cbee.jpg","height":640,"width":640,"date_captured":"2024-11-13T21:15:19+00:00"},{"id":45,"license":1,"file_name":"DIMG_1338_JPG.rf.ce224e53d6e216a62cc49e53b1d8348c.jpg","height":640,"width":640,"date_captured":"2024-11-13T21:15:19+00:00"},{"id":46,"license":1,"file_name":"IMG_1475_JPG.rf.cb25dcfe7a7212dd2dd2da9863ac6775.jpg","height":640,"width":640,"date_captured":"2024-11-13T21:15:19+00:00"},{"id":47,"license":1,"file_name":"DIMG_1332_JPG.rf.e68f858825632765fbb4abea38e7e855.jpg","height":640,"width":640,"date_captured":"2024-11-13T21:15:19+00:00"},{"id":48,"license":1,"file_name":"DIMG_1329_JPG.rf.d86cf893f4180a7cda7e0b25f976ae76.jpg","height":640,"width":640,"date_captured":"2024-11-13T21:15:19+00:00"},{"id":49,"license":1,"file_name":"IMG_1290_JPG.rf.f899e6cb8ebc96e6f2179a86f1037e72.jpg","height":640,"width":640,"date_captured":"2024-11-13T21:15:19+00:00"},{"id":50,"license":1,"file_name":"IMG_1311_JPG.rf.d49e6ddb0ed40bb68bc9c257304b171b.jpg","height":640,"width":640,"date_captured":"2024-11-13T21:15:19+00:00"},{"id":51,"license":1,"file_name":"DIMG_1337_JPG.rf.fd644511558d36076c7d98e223493031.jpg","height":640,"width":640,"date_captured":"2024-11-13T21:15:19+00:00"},{"id":52,"license":1,"file_name":"IMG_1500_JPG.rf.e170abfe57f423514ce0669c6e85b592.jpg","height":640,"width":640,"date_captured":"2024-11-13T21:15:19+00:00"},{"id":53,"license":1,"file_name":"IMG_1292_JPG.rf.d02568d4cbf5d606df1c998cebda5893.jpg","height":640,"width":640,"date_captured":"2024-11-13T21:15:19+00:00"},{"id":54,"license":1,"file_name":"IMG_1280_JPG.rf.faa0dcfa884911b34ed97285710eff25.jpg","height":640,"width":640,"date_captured":"2024-11-13T21:15:19+00:00"},{"id":55,"license":1,"file_name":"IMG_1295_JPG.rf.df14581caa1bf45b440c19eb4ed0d10e.jpg","height":640,"width":640,"date_captured":"2024-11-13T21:15:19+00:00"},{"id":56,"license":1,"file_name":"IMG_1279_JPG.rf.ef4adc32a7797b9f115b3ac845b53a8b.jpg","height":640,"width":640,"date_captured":"2024-11-13T21:15:19+00:00"},{"id":57,"license":1,"file_name":"IMG_1312_JPG.rf.ffa7034ef8256c6ce657ab1fa58c5e5b.jpg","height":640,"width":640,"date_captured":"2024-11-13T21:15:19+00:00"},{"id":58,"license":1,"file_name":"IMG_1278_JPG.rf.df3e79e306945ffe1e8f11c20fe9b267.jpg","height":640,"width":640,"date_captured":"2024-11-13T21:15:19+00:00"}],"annotations":[{"id":0,"image_id":0,"category_id":2,"bbox":[139,257,307.09,156.508],"area":48062.014,"segmentation":[[445.926,257.302,138.836,257.302,138.836,413.81,445.926,413.81,445.926,257.302]],"iscrowd":0},{"id":1,"image_id":0,"category_id":3,"bbox":[245,280,87.702,78.708],"area":6902.811,"segmentation":[[332.725,279.933,245.023,279.933,245.023,358.641,332.725,358.641,332.725,279.933]],"iscrowd":0},{"id":2,"image_id":1,"category_id":3,"bbox":[220,240,189.912,123.016],"area":23362.168,"segmentation":[[409.735,240.317,219.824,240.317,219.824,363.333,409.735,363.333,409.735,240.317]],"iscrowd":0},{"id":3,"image_id":1,"category_id":2,"bbox":[8,200,597.108,255.397],"area":152499.381,"segmentation":[[604.727,200.476,7.619,200.476,7.619,455.873,604.727,455.873,604.727,200.476]],"iscrowd":0},{"id":4,"image_id":2,"category_id":2,"bbox":[176,236,264.974,212.698],"area":56359.453,"segmentation":[[441.058,235.873,176.085,235.873,176.085,448.571,441.058,448.571,441.058,235.873]],"iscrowd":0},{"id":5,"image_id":3,"category_id":1,"bbox":[256,267,166.49,83.175],"area":13847.765,"segmentation":[[422.716,267.143,256.226,267.143,256.226,350.317,422.716,350.317,422.716,267.143]],"iscrowd":0},{"id":6,"image_id":3,"category_id":2,"bbox":[5,171,630.97,283.81],"area":179075.3,"segmentation":[[635.767,170.952,4.797,170.952,4.797,454.762,635.767,454.762,635.767,170.952]],"iscrowd":0},{"id":7,"image_id":4,"category_id":2,"bbox":[135,212,388.854,163.651],"area":63636.202,"segmentation":[[523.739,211.587,134.885,211.587,134.885,375.238,523.739,375.238,523.739,211.587]],"iscrowd":0},{"id":8,"image_id":4,"category_id":3,"bbox":[255,252,143.34,74.794],"area":10720.898,"segmentation":[[398.273,251.952,254.933,251.952,254.933,326.746,398.273,326.746,398.273,251.952]],"iscrowd":0},{"id":9,"image_id":5,"category_id":2,"bbox":[160,273,272.169,161.746],"area":44022.306,"segmentation":[[431.958,273.016,159.788,273.016,159.788,434.762,431.958,434.762,431.958,273.016]],"iscrowd":0},{"id":10,"image_id":6,"category_id":2,"bbox":[193,190,268.36,237.778],"area":63809.994,"segmentation":[[461.164,190,192.804,190,192.804,427.778,461.164,427.778,461.164,190]],"iscrowd":0},{"id":11,"image_id":6,"category_id":3,"bbox":[260,253,126.679,66.216],"area":8388.185,"segmentation":[[387.105,253.011,260.425,253.011,260.425,319.227,387.105,319.227,387.105,253.011]],"iscrowd":0},{"id":12,"image_id":7,"category_id":2,"bbox":[201,223,435.697,262.857],"area":114525.976,"segmentation":[[636.896,223.016,201.199,223.016,201.199,485.873,636.896,485.873,636.896,223.016]],"iscrowd":0},{"id":13,"image_id":8,"category_id":2,"bbox":[199,199,296.72,184.444],"area":54728.277,"segmentation":[[495.873,199.048,199.153,199.048,199.153,383.492,495.873,383.492,495.873,199.048]],"iscrowd":0},{"id":14,"image_id":9,"category_id":1,"bbox":[246,296,132.063,75.079],"area":9915.243,"segmentation":[[378.131,295.873,246.067,295.873,246.067,370.952,378.131,370.952,378.131,295.873]],"iscrowd":0},{"id":15,"image_id":9,"category_id":2,"bbox":[205,145,294.039,236.032],"area":69402.492,"segmentation":[[498.907,145.238,204.868,145.238,204.868,381.27,498.907,381.27,498.907,145.238]],"iscrowd":0},{"id":16,"image_id":10,"category_id":2,"bbox":[140,209,362.892,151.587],"area":55009.882,"segmentation":[[502.575,209.365,139.683,209.365,139.683,360.952,502.575,360.952,502.575,209.365]],"iscrowd":0},{"id":17,"image_id":10,"category_id":1,"bbox":[227,293,32.849,20.46],"area":672.109,"segmentation":[[259.444,293.349,226.595,293.349,226.595,313.81,259.444,313.81,259.444,293.349]],"iscrowd":0},{"id":18,"image_id":11,"category_id":2,"bbox":[5,112,632.381,301.587],"area":190718.065,"segmentation":[[636.896,111.587,4.515,111.587,4.515,413.175,636.896,413.175,636.896,111.587]],"iscrowd":0},{"id":19,"image_id":12,"category_id":2,"bbox":[71,119,442.751,319.365],"area":141399.312,"segmentation":[[514.145,119.365,71.393,119.365,71.393,438.73,514.145,438.73,514.145,119.365]],"iscrowd":0},{"id":20,"image_id":13,"category_id":2,"bbox":[2,135,635.485,463.492],"area":294542.257,"segmentation":[[637.46,134.762,1.975,134.762,1.975,598.254,637.46,598.254,637.46,134.762]],"iscrowd":0},{"id":21,"image_id":14,"category_id":2,"bbox":[96,247,432.875,178.095],"area":77092.937,"segmentation":[[528.536,246.825,95.661,246.825,95.661,424.921,528.536,424.921,528.536,246.825]],"iscrowd":0},{"id":22,"image_id":15,"category_id":2,"bbox":[152,201,393.651,165.238],"area":65046.108,"segmentation":[[546.032,201.429,152.381,201.429,152.381,366.667,546.032,366.667,546.032,201.429]],"iscrowd":0},{"id":23,"image_id":16,"category_id":2,"bbox":[193,237,294.039,140.476],"area":41305.451,"segmentation":[[487.337,237.302,193.298,237.302,193.298,377.778,487.337,377.778,487.337,237.302]],"iscrowd":0},{"id":24,"image_id":16,"category_id":1,"bbox":[308,294,43.471,22.829],"area":992.379,"segmentation":[[351.852,293.606,308.381,293.606,308.381,316.435,351.852,316.435,351.852,293.606]],"iscrowd":0},{"id":25,"image_id":16,"category_id":1,"bbox":[262,272,40.141,22.408],"area":899.479,"segmentation":[[302.325,271.671,262.184,271.671,262.184,294.079,302.325,294.079,302.325,271.671]],"iscrowd":0},{"id":26,"image_id":16,"category_id":1,"bbox":[207,334,49.165,25.535],"area":1255.435,"segmentation":[[255.852,334.272,206.686,334.272,206.686,359.807,255.852,359.807,255.852,334.272]],"iscrowd":0},{"id":27,"image_id":17,"category_id":2,"bbox":[170,277,271.323,149.524],"area":40569.211,"segmentation":[[441.481,277.143,170.159,277.143,170.159,426.667,441.481,426.667,441.481,277.143]],"iscrowd":0},{"id":28,"image_id":17,"category_id":1,"bbox":[349,322,22.267,15.66],"area":348.703,"segmentation":[[370.824,321.792,348.558,321.792,348.558,337.452,370.824,337.452,370.824,321.792]],"iscrowd":0},{"id":29,"image_id":17,"category_id":1,"bbox":[352,339,18.099,10.64],"area":192.573,"segmentation":[[369.638,338.664,351.539,338.664,351.539,349.304,369.638,349.304,369.638,338.664]],"iscrowd":0},{"id":30,"image_id":18,"category_id":1,"bbox":[375,564,263.28,74.286],"area":19557.974,"segmentation":[[638.589,563.968,375.309,563.968,375.309,638.254,638.589,638.254,638.589,563.968]],"iscrowd":0},{"id":31,"image_id":18,"category_id":2,"bbox":[2,140,635.485,302.063],"area":191956.821,"segmentation":[[637.743,140.159,2.257,140.159,2.257,442.222,637.743,442.222,637.743,140.159]],"iscrowd":0},{"id":32,"image_id":19,"category_id":1,"bbox":[294,297,33.862,23.651],"area":800.873,"segmentation":[[327.831,297.143,293.968,297.143,293.968,320.794,327.831,320.794,327.831,297.143]],"iscrowd":0},{"id":33,"image_id":19,"category_id":1,"bbox":[265,377,38.307,31.587],"area":1210.011,"segmentation":[[302.857,377.302,264.55,377.302,264.55,408.889,302.857,408.889,302.857,377.302]],"iscrowd":0},{"id":34,"image_id":19,"category_id":2,"bbox":[170,258,250.159,155.079],"area":38794.457,"segmentation":[[420.317,258.095,170.159,258.095,170.159,413.175,420.317,413.175,420.317,258.095]],"iscrowd":0},{"id":35,"image_id":20,"category_id":2,"bbox":[154,240,266.455,138.254],"area":36838.465,"segmentation":[[420.952,239.841,154.497,239.841,154.497,378.095,420.952,378.095,420.952,239.841]],"iscrowd":0},{"id":36,"image_id":20,"category_id":3,"bbox":[241,308,88.906,46.4],"area":4125.23,"segmentation":[[329.856,308.262,240.95,308.262,240.95,354.662,329.856,354.662,329.856,308.262]],"iscrowd":0},{"id":37,"image_id":21,"category_id":2,"bbox":[58,152,539.824,264.286],"area":142667.674,"segmentation":[[597.39,151.905,57.566,151.905,57.566,416.19,597.39,416.19,597.39,151.905]],"iscrowd":0},{"id":38,"image_id":22,"category_id":2,"bbox":[174,127,328.748,284.444],"area":93510.484,"segmentation":[[503.139,127.302,174.392,127.302,174.392,411.746,503.139,411.746,503.139,127.302]],"iscrowd":0},{"id":39,"image_id":23,"category_id":1,"bbox":[252,277,118.236,84.286],"area":9965.634,"segmentation":[[370.511,276.508,252.275,276.508,252.275,360.794,370.511,360.794,370.511,276.508]],"iscrowd":0},{"id":40,"image_id":23,"category_id":2,"bbox":[90,116,547.443,428.254],"area":234444.5,"segmentation":[[637.178,115.873,89.735,115.873,89.735,544.127,637.178,544.127,637.178,115.873]],"iscrowd":0},{"id":41,"image_id":24,"category_id":1,"bbox":[295,271,41.693,28.73],"area":1197.85,"segmentation":[[336.296,271.111,294.603,271.111,294.603,299.841,336.296,299.841,336.296,271.111]],"iscrowd":0},{"id":42,"image_id":24,"category_id":1,"bbox":[254,373,50.159,41.905],"area":2101.89,"segmentation":[[303.915,373.492,253.757,373.492,253.757,415.397,303.915,415.397,303.915,373.492]],"iscrowd":0},{"id":43,"image_id":24,"category_id":2,"bbox":[156,224,300.317,195.714],"area":58776.417,"segmentation":[[456.296,223.651,155.979,223.651,155.979,419.365,456.296,419.365,456.296,223.651]],"iscrowd":0},{"id":44,"image_id":25,"category_id":3,"bbox":[148,112,261.305,112.222],"area":29324.241,"segmentation":[[408.889,112.381,147.584,112.381,147.584,224.603,408.889,224.603,408.889,112.381]],"iscrowd":0},{"id":45,"image_id":25,"category_id":1,"bbox":[182,336,197.813,115.397],"area":22826.998,"segmentation":[[379.541,336.032,181.728,336.032,181.728,451.429,379.541,451.429,379.541,336.032]],"iscrowd":0},{"id":46,"image_id":25,"category_id":2,"bbox":[117,113,440.494,352.222],"area":155151.715,"segmentation":[[557.884,112.698,117.39,112.698,117.39,464.921,557.884,464.921,557.884,112.698]],"iscrowd":0},{"id":47,"image_id":26,"category_id":1,"bbox":[390,294,141.658,92.857],"area":13153.943,"segmentation":[[531.64,293.651,389.982,293.651,389.982,386.508,531.64,386.508,531.64,293.651]],"iscrowd":0},{"id":48,"image_id":26,"category_id":2,"bbox":[100,128,432.31,329.365],"area":142387.951,"segmentation":[[532.487,127.778,100.176,127.778,100.176,457.143,532.487,457.143,532.487,127.778]],"iscrowd":0},{"id":49,"image_id":27,"category_id":1,"bbox":[36,213,112.593,126.667],"area":14261.728,"segmentation":[[148.713,212.698,36.12,212.698,36.12,339.365,148.713,339.365,148.713,212.698]],"iscrowd":0},{"id":50,"image_id":27,"category_id":2,"bbox":[35,201,602.469,224.127],"area":135029.59,"segmentation":[[637.46,201.27,34.991,201.27,34.991,425.397,637.46,425.397,637.46,201.27]],"iscrowd":0},{"id":51,"image_id":28,"category_id":3,"bbox":[239,228,200.071,130.159],"area":26040.928,"segmentation":[[438.801,227.937,238.73,227.937,238.73,358.095,438.801,358.095,438.801,227.937]],"iscrowd":0},{"id":52,"image_id":28,"category_id":2,"bbox":[17,188,620.529,270.476],"area":167838.348,"segmentation":[[637.178,188.413,16.649,188.413,16.649,458.889,637.178,458.889,637.178,188.413]],"iscrowd":0},{"id":53,"image_id":29,"category_id":2,"bbox":[182,232,291.005,148.413],"area":43188.88,"segmentation":[[473.228,231.746,182.222,231.746,182.222,380.159,473.228,380.159,473.228,231.746]],"iscrowd":0},{"id":54,"image_id":29,"category_id":3,"bbox":[287,246,96.144,89.514],"area":8606.254,"segmentation":[[382.798,245.549,286.654,245.549,286.654,335.063,382.798,335.063,382.798,245.549]],"iscrowd":0},{"id":55,"image_id":30,"category_id":2,"bbox":[158,203,244.656,263.651],"area":64503.771,"segmentation":[[402.751,202.857,158.095,202.857,158.095,466.508,402.751,466.508,402.751,202.857]],"iscrowd":0},{"id":56,"image_id":31,"category_id":2,"bbox":[87,219,422.998,190],"area":80369.665,"segmentation":[[510.476,218.889,87.478,218.889,87.478,408.889,510.476,408.889,510.476,218.889]],"iscrowd":0},{"id":57,"image_id":31,"category_id":1,"bbox":[359,270,32.863,22.927],"area":753.461,"segmentation":[[391.594,269.806,358.73,269.806,358.73,292.733,391.594,292.733,391.594,269.806]],"iscrowd":0},{"id":58,"image_id":32,"category_id":2,"bbox":[224,223,240.705,171.746],"area":41340.209,"segmentation":[[464.762,223.016,224.056,223.016,224.056,394.762,464.762,394.762,464.762,223.016]],"iscrowd":0},{"id":59,"image_id":32,"category_id":1,"bbox":[376,243,29.271,11.687],"area":342.102,"segmentation":[[405.606,242.78,376.334,242.78,376.334,254.467,405.606,254.467,405.606,242.78]],"iscrowd":0},{"id":60,"image_id":33,"category_id":1,"bbox":[93,147,445.291,263.175],"area":117189.284,"segmentation":[[538.131,147.46,92.84,147.46,92.84,410.635,538.131,410.635,538.131,147.46]],"iscrowd":0},{"id":61,"image_id":33,"category_id":1,"bbox":[93,243,232.804,167.619],"area":39022.424,"segmentation":[[325.362,243.175,92.557,243.175,92.557,410.794,325.362,410.794,325.362,243.175]],"iscrowd":0},{"id":62,"image_id":34,"category_id":2,"bbox":[176,139,282.751,257.302],"area":72752.364,"segmentation":[[458.554,139.365,175.802,139.365,175.802,396.667,458.554,396.667,458.554,139.365]],"iscrowd":0},{"id":63,"image_id":34,"category_id":1,"bbox":[381,292,33.354,22.298],"area":743.752,"segmentation":[[414.318,291.511,380.964,291.511,380.964,313.81,414.318,313.81,414.318,291.511]],"iscrowd":0},{"id":64,"image_id":35,"category_id":3,"bbox":[188,203,229.982,126.032],"area":28985.079,"segmentation":[[418.201,203.175,188.219,203.175,188.219,329.206,418.201,329.206,418.201,203.175]],"iscrowd":0},{"id":65,"image_id":35,"category_id":2,"bbox":[59,69,560.988,394.127],"area":221100.373,"segmentation":[[620.247,69.048,59.259,69.048,59.259,463.175,620.247,463.175,620.247,69.048]],"iscrowd":0},{"id":66,"image_id":36,"category_id":1,"bbox":[461,261,130.935,98.571],"area":12906.425,"segmentation":[[591.746,261.111,460.811,261.111,460.811,359.683,591.746,359.683,591.746,261.111]],"iscrowd":0},{"id":67,"image_id":36,"category_id":2,"bbox":[55,192,537.848,205.714],"area":110643.084,"segmentation":[[592.875,191.746,55.026,191.746,55.026,397.46,592.875,397.46,592.875,191.746]],"iscrowd":0},{"id":68,"image_id":37,"category_id":1,"bbox":[364,278,141.658,113.333],"area":16054.556,"segmentation":[[505.397,278.095,363.739,278.095,363.739,391.429,505.397,391.429,505.397,278.095]],"iscrowd":0},{"id":69,"image_id":37,"category_id":1,"bbox":[202,273,161.693,99.683],"area":16117.981,"segmentation":[[364.021,273.333,202.328,273.333,202.328,373.016,364.021,373.016,364.021,273.333]],"iscrowd":0},{"id":70,"image_id":37,"category_id":2,"bbox":[155,126,353.016,266.508],"area":94081.532,"segmentation":[[507.654,126.349,154.638,126.349,154.638,392.857,507.654,392.857,507.654,126.349]],"iscrowd":0},{"id":71,"image_id":38,"category_id":1,"bbox":[189,128,448.677,377.143],"area":169215.419,"segmentation":[[638.025,128.095,189.347,128.095,189.347,505.238,638.025,505.238,638.025,128.095]],"iscrowd":0},{"id":72,"image_id":39,"category_id":2,"bbox":[173,251,331.57,209.048],"area":69313.849,"segmentation":[[504.268,251.111,172.698,251.111,172.698,460.159,504.268,460.159,504.268,251.111]],"iscrowd":0},{"id":73,"image_id":40,"category_id":1,"bbox":[266,296,42.046,26.508],"area":1114.549,"segmentation":[[308.148,296.032,266.102,296.032,266.102,322.54,308.148,322.54,308.148,296.032]],"iscrowd":0},{"id":74,"image_id":40,"category_id":1,"bbox":[320,348,43.175,28.571],"area":1233.56,"segmentation":[[363.457,348.413,320.282,348.413,320.282,376.984,363.457,376.984,363.457,348.413]],"iscrowd":0},{"id":75,"image_id":40,"category_id":2,"bbox":[193,122,304.198,288.889],"area":87879.287,"segmentation":[[496.864,122.381,192.667,122.381,192.667,411.27,496.864,411.27,496.864,122.381]],"iscrowd":0},{"id":76,"image_id":41,"category_id":1,"bbox":[173,261,54.462,28.254],"area":1538.77,"segmentation":[[227.443,260.635,172.981,260.635,172.981,288.889,227.443,288.889,227.443,260.635]],"iscrowd":0},{"id":77,"image_id":41,"category_id":2,"bbox":[155,171,374.744,210.952],"area":79053.196,"segmentation":[[529.383,170.635,154.638,170.635,154.638,381.587,529.383,381.587,529.383,170.635]],"iscrowd":0},{"id":78,"image_id":41,"category_id":3,"bbox":[310,194,59.905,26.744],"area":1602.138,"segmentation":[[370.121,194.148,310.215,194.148,310.215,220.893,370.121,220.893,370.121,194.148]],"iscrowd":0},{"id":79,"image_id":42,"category_id":2,"bbox":[42,87,593.439,415.873],"area":246795.331,"segmentation":[[635.485,86.984,42.046,86.984,42.046,502.857,635.485,502.857,635.485,86.984]],"iscrowd":0},{"id":80,"image_id":43,"category_id":2,"bbox":[2,203,635.485,294.444],"area":187115.03,"segmentation":[[637.743,203.333,2.257,203.333,2.257,497.778,637.743,497.778,637.743,203.333]],"iscrowd":0},{"id":81,"image_id":44,"category_id":1,"bbox":[294,297,32.381,22.857],"area":740.136,"segmentation":[[326.772,297.143,294.392,297.143,294.392,320,326.772,320,326.772,297.143]],"iscrowd":0},{"id":82,"image_id":44,"category_id":1,"bbox":[335,368,34.497,24.921],"area":859.696,"segmentation":[[369.947,368.095,335.45,368.095,335.45,393.016,369.947,393.016,369.947,368.095]],"iscrowd":0},{"id":83,"image_id":44,"category_id":2,"bbox":[160,249,249.524,175.556],"area":43805.291,"segmentation":[[409.101,248.889,159.577,248.889,159.577,424.444,409.101,424.444,409.101,248.889]],"iscrowd":0},{"id":84,"image_id":44,"category_id":1,"bbox":[247,341,26.356,20.365],"area":536.733,"segmentation":[[272.865,340.963,246.509,340.963,246.509,361.329,272.865,361.329,272.865,340.963]],"iscrowd":0},{"id":85,"image_id":45,"category_id":1,"bbox":[82,192,473.792,365.714],"area":173272.462,"segmentation":[[555.626,192.063,81.834,192.063,81.834,557.778,555.626,557.778,555.626,192.063]],"iscrowd":0},{"id":86,"image_id":46,"category_id":2,"bbox":[151,223,286.984,157.778],"area":45279.718,"segmentation":[[438.095,222.698,151.111,222.698,151.111,380.476,438.095,380.476,438.095,222.698]],"iscrowd":0},{"id":87,"image_id":47,"category_id":1,"bbox":[415,583,224.056,55.397],"area":12412.015,"segmentation":[[638.589,583.492,414.533,583.492,414.533,638.889,638.589,638.889,638.589,583.492]],"iscrowd":0},{"id":88,"image_id":47,"category_id":2,"bbox":[20,193,605.009,245.238],"area":148371.21,"segmentation":[[624.762,192.857,19.753,192.857,19.753,438.095,624.762,438.095,624.762,192.857]],"iscrowd":0},{"id":89,"image_id":48,"category_id":2,"bbox":[3,186,633.228,289.206],"area":183133.417,"segmentation":[[636.332,185.714,3.104,185.714,3.104,474.921,636.332,474.921,636.332,185.714]],"iscrowd":0},{"id":90,"image_id":49,"category_id":1,"bbox":[277,263,46.561,23.81],"area":1108.592,"segmentation":[[323.951,262.54,277.39,262.54,277.39,286.349,323.951,286.349,323.951,262.54]],"iscrowd":0},{"id":91,"image_id":49,"category_id":2,"bbox":[142,210,282.187,162.54],"area":45866.577,"segmentation":[[424.409,209.683,142.222,209.683,142.222,372.222,424.409,372.222,424.409,209.683]],"iscrowd":0},{"id":92,"image_id":49,"category_id":1,"bbox":[321,334,44.656,27.479],"area":1227.121,"segmentation":[[365.261,334.256,320.605,334.256,320.605,361.735,365.261,361.735,365.261,334.256]],"iscrowd":0},{"id":93,"image_id":49,"category_id":1,"bbox":[208,300,41.174,18.59],"area":765.442,"segmentation":[[248.983,299.621,207.81,299.621,207.81,318.211,248.983,318.211,248.983,299.621]],"iscrowd":0},{"id":94,"image_id":50,"category_id":2,"bbox":[194,280,261.869,145.397],"area":38074.992,"segmentation":[[456.014,280.476,194.145,280.476,194.145,425.873,456.014,425.873,456.014,280.476]],"iscrowd":0},{"id":95,"image_id":51,"category_id":2,"bbox":[31,150,604.444,417.778],"area":252523.457,"segmentation":[[635.203,149.683,30.758,149.683,30.758,567.46,635.203,567.46,635.203,149.683]],"iscrowd":0},{"id":96,"image_id":52,"category_id":2,"bbox":[117,242,355.556,201.746],"area":71731.923,"segmentation":[[472.804,242.063,117.249,242.063,117.249,443.81,472.804,443.81,472.804,242.063]],"iscrowd":0},{"id":97,"image_id":53,"category_id":2,"bbox":[155,207,317.743,238.571],"area":75804.283,"segmentation":[[472.381,206.825,154.638,206.825,154.638,445.397,472.381,445.397,472.381,206.825]],"iscrowd":0},{"id":98,"image_id":53,"category_id":1,"bbox":[350,316,40.265,25.083],"area":1009.955,"segmentation":[[390.393,316.146,350.128,316.146,350.128,341.229,390.393,341.229,390.393,316.146]],"iscrowd":0},{"id":99,"image_id":53,"category_id":1,"bbox":[294,258,44.413,28.803],"area":1279.247,"segmentation":[[338.705,257.963,294.291,257.963,294.291,286.767,338.705,286.767,338.705,257.963]],"iscrowd":0},{"id":100,"image_id":53,"category_id":1,"bbox":[422,254,37.189,19.843],"area":737.944,"segmentation":[[459.173,254.101,421.984,254.101,421.984,273.944,459.173,273.944,459.173,254.101]],"iscrowd":0},{"id":101,"image_id":54,"category_id":2,"bbox":[225,196,222.363,209.683],"area":46625.705,"segmentation":[[447.742,195.827,225.379,195.827,225.379,405.509,447.742,405.509,447.742,195.827]],"iscrowd":0},{"id":102,"image_id":55,"category_id":1,"bbox":[253,193,64.056,23.651],"area":1514.986,"segmentation":[[317.46,192.698,253.404,192.698,253.404,216.349,317.46,216.349,317.46,192.698]],"iscrowd":0},{"id":103,"image_id":55,"category_id":2,"bbox":[120,140,424.974,307.778],"area":130797.413,"segmentation":[[545.185,140,120.212,140,120.212,447.778,545.185,447.778,545.185,140]],"iscrowd":0},{"id":104,"image_id":56,"category_id":2,"bbox":[139,241,485.644,195.238],"area":94816.159,"segmentation":[[624.762,241.429,139.118,241.429,139.118,436.667,624.762,436.667,624.762,241.429]],"iscrowd":0},{"id":105,"image_id":56,"category_id":1,"bbox":[449,305,33.196,17.794],"area":590.686,"segmentation":[[482.43,305.251,449.233,305.251,449.233,323.044,482.43,323.044,482.43,305.251]],"iscrowd":0},{"id":106,"image_id":56,"category_id":1,"bbox":[220,286,27.333,24.571],"area":671.602,"segmentation":[[246.885,286.376,219.553,286.376,219.553,310.948,246.885,310.948,246.885,286.376]],"iscrowd":0},{"id":107,"image_id":57,"category_id":1,"bbox":[152,245,280.212,206.825],"area":57954.883,"segmentation":[[431.746,244.603,151.534,244.603,151.534,451.429,431.746,451.429,431.746,244.603]],"iscrowd":0},{"id":108,"image_id":58,"category_id":2,"bbox":[186,255,358.377,144.921],"area":51936.284,"segmentation":[[544.621,254.921,186.243,254.921,186.243,399.841,544.621,399.841,544.621,254.921]],"iscrowd":0},{"id":109,"image_id":58,"category_id":1,"bbox":[422,297,29.24,17.046],"area":498.43,"segmentation":[[451.539,296.898,422.298,296.898,422.298,313.944,451.539,313.944,451.539,296.898]],"iscrowd":0},{"id":110,"image_id":58,"category_id":1,"bbox":[423,314,24.784,11.562],"area":286.556,"segmentation":[[448.179,313.838,423.395,313.838,423.395,325.4,448.179,325.4,448.179,313.838]],"iscrowd":0}]}